,user_id,user_name,tweet_time,location,text,sentiment
0,2334231240,Debbi Matteucci,Tue Aug 28 19:56:09 +0000 2018,San Francisco CA,please dont loose the influence,negative
1,2593882602,Robert Nash,Tue Aug 28 19:56:10 +0000 2018,Maricopa AZ,agree he was deserving of a purple heart but not worthy of the title military hero which is defined as a person who is a,positive
2,999805424105803777,Dennis@millerd6,Tue Aug 28 19:56:10 +0000 2018,Ramona CA,it easy mccain didnt want there what would want him to dolibtards,positive
3,759123137321693184,Crooked (Crypto) Pictures,Tue Aug 28 19:56:11 +0000 2018,None,shhh youll burst her bubble lol im sure sh,positive
4,43105114,Sandy {}{Q},Tue Aug 28 19:56:12 +0000 2018,Louisiana,it would say hes respecting mccains wisheshe told the world he didnt want trump at his funeral you dam democrats,neutral
5,968025172438634496,Spydercat,Tue Aug 28 19:56:13 +0000 2018,Nancy Pelosi's Fabulous San Franshithole USA.,cat sometimes we get it right sometimes we dont johnmccain got it wrong in death he could have brought pple together exten,negative
6,2766239923,pierce d'art,Tue Aug 28 19:56:14 +0000 2018,out 'n about,cat 2008 johnmccain is mentally unfit to be president 2012 johnmccain is a racist and a woman hater,negative
7,1022622446665588737,@nc0615  MAGA SUPER ELITE,Tue Aug 28 19:56:15 +0000 2018,Austin AR,jkopp i thought specifically did not want president to attend isnt,irrelevant
8,3098633816,Robert M. Goldstein - American,Tue Aug 28 19:56:15 +0000 2018,San Francisco,the best way to honor legacy and apparently his final wish would be for his wife cindy to be name,positive
9,1218485030,Christopher Raiola,Tue Aug 28 19:56:15 +0000 2018,NJ USA,that hes not a phony like you ms brazile,irrelevant
10,119740907, American Patriot  Q ,Tue Aug 28 19:56:15 +0000 2018,None,johnmccain asked him not to attend remember if he attended youd be criticizing him for going against,neutral
11,823688779147968512,Charlene Wooden,Tue Aug 28 19:56:15 +0000 2018,Massachusetts USA,watch powerful words the grief in the country around s death stands as a proxy of what we w,negative
12,761566897955418112,JonAntono ,Tue Aug 28 19:56:15 +0000 2018,Sdost-Wisconsin USA,mb u should water it once in a while,irrelevant
13,574040527,Barbara Castro,Tue Aug 28 19:56:16 +0000 2018,None,cry me a river of those crocodile tears your pretend sniffles and wavering voice while talking about,irrelevant
14,860832549337272321,Mary Jean Pompeo,Tue Aug 28 19:56:18 +0000 2018,None,the best way you can honor your friend is to stand up to as he did show some g,positive
15,4750192146,great grandma#FBR ,Tue Aug 28 19:56:18 +0000 2018,BurlingtonOregon ,very lovely tribute to by do you really want to honor your friend john denounce,positive
16,846120601299255297,CindyjintheOC,Tue Aug 28 19:56:19 +0000 2018,Tustin CA,kelli ward really how utterly stupid do you have to be to believe that ended medical treatment to sp,negative
17,824151785770196993,Elda Bruciaga,Tue Aug 28 19:56:19 +0000 2018,None,under pressure from american legion trump orders flag lowered at white house and other govt buildings until,negative
18,27653517,A human in Phoenix - #Resist,Tue Aug 28 19:56:19 +0000 2018,Phoenix AZ,now cancelling the super bowl visit because the eagles werent gonna come anyway just as the warriors didnt wanna come so h,positive
19,464771557,Ana Ryan,Tue Aug 28 19:56:19 +0000 2018,None,maybe now we dont think it was a big deal but it wa,neutral
20,2774593987,jenhen,Tue Aug 28 19:56:21 +0000 2018,White Rock British Columbia,at reagans funeral thatcher sat next to gorbachevand at johnmccains funeral obama will give a eulogy that is how r,neutral
21,763468725370560513,MacKnowledge,Tue Aug 28 19:56:22 +0000 2018,USA,ive written to calling for the new headquarters to be named after few have given,negative
22,857991937,Joy Wilder,Tue Aug 28 19:56:22 +0000 2018,None,wow justwow,positive
23,71584155,Monica Alba,Tue Aug 28 19:56:23 +0000 2018,Washington DC,the desk of in the senate chamber draped in a black cloth with a vase of white flowers gt,negative
24,948971016633626624,Growler45,Tue Aug 28 19:56:24 +0000 2018,None,mccain publicly asked that he not attend potus is respecting a dying mans last request its about mccain amp family no,neutral
25,31731941,camille park,Tue Aug 28 19:56:24 +0000 2018,None,youre such a disgrace to america hilary,neutral
26,827154482265939968,Heather Millward,Tue Aug 28 19:56:25 +0000 2018,Seattle WA,girl please you were never a democrat nice try becky,positive
27,1049403240,TT,Tue Aug 28 19:56:27 +0000 2018,United States,that your party has gone through great lengths to pay people off to say amp try just about anything to undermine him so,positive
28,3351374110,LuvHaiden4Ever,Tue Aug 28 19:56:28 +0000 2018,None,im old enough to remember when lindseygraham was considered to be johnmccains partner in resisting some of trumps exces,positive
29,1022622446665588737,@nc0615  MAGA SUPER ELITE,Tue Aug 28 19:56:29 +0000 2018,Austin AR,schwartz70 jkopp you can support som,irrelevant
30,100283279,Michael Wilker,Tue Aug 28 19:56:29 +0000 2018,Washington DC,thank you littlejerk would be proud sorry for your loss,positive
31,2892971,Becky Bond ,Tue Aug 28 19:56:29 +0000 2018,San Francisco,after failed even to pander to republicans successfully following the death of he to,negative
32,232968723,mo,Tue Aug 28 19:56:29 +0000 2018,Lost and marching on.,i am laughing at all the angry replies from trump supporters cindy has no experience lol neither did donald trump,positive
33,587451697, Roger Barker ,Tue Aug 28 19:56:32 +0000 2018,Maryland USA,is says that johnmccain was bitter man who never got over losing not once but twice and took it out on a vir,negative
34,768140059497365504,Phillip Fuhrer,Tue Aug 28 19:56:33 +0000 2018,Chicago IL,when received the steele dossier and saw manafort putin and yanukovychs name in the same sentence he imme,neutral
35,2918753498,Dana Jensen,Tue Aug 28 19:56:34 +0000 2018,None,i wasnt going to do this but the media and nevertrump fawning over senator mccain as a way to bash presid,neutral
36,438896314,Taylor Goodspeed,Tue Aug 28 19:56:37 +0000 2018,New York NY,i urge my fellow governors to lower flags in honor of,irrelevant
37,2861558229,Thorsten Rhlemann,Tue Aug 28 19:56:40 +0000 2018,Washington DC,thank you senator john mccain for being a true champion of national service and supporting the expansion of service opport,positive
38,709600530285211648,TapperFactChucksMyMercatusM4A&SharkOpsFish,Tue Aug 28 19:56:43 +0000 2018,None,you should read this up to four paragraphs transcribed only a few dozen pages left to transcribe this things,negative
39,2830424029,Marc Nelson,Tue Aug 28 19:56:43 +0000 2018,None,our flag is at halfstaff honoring a veteran like should be above politics and personal grievance,neutral
40,253859785,Annette Marfia,Tue Aug 28 19:56:44 +0000 2018,None,sincere question how can republican senators stand there and claim to honor johnmccain when theyve been gutless sellouts,positive
41,53726227,SDinChandler,Tue Aug 28 19:56:44 +0000 2018,Chandler AZ,didnt affect my opinion s been a spineless racist for as long as i can remember johnmccain,negative
42,18106259,John Lander,Tue Aug 28 19:56:45 +0000 2018,Kanagawa-ken Japan,kompromat lindsey what felony is it or just necrophilia child porn leather queen,irrelevant
43,1049403240,TT,Tue Aug 28 19:56:45 +0000 2018,United States,what does it say trump is a great judge or character or lack thereof its beyond how drats love songbirdits bec,positive
44,750905187783544832,Brion Adair,Tue Aug 28 19:56:46 +0000 2018,None,whyd this little fokker always look so god damn happy when he was around people killing millions of women and children john,positive
45,798771418812948480,A B Jackson,Tue Aug 28 19:56:46 +0000 2018,None,when a person runs into a burning building and saves a child its heroic when that same person goes back 50 years l,positive
46,1215244238,Sweden #realnews,Tue Aug 28 19:56:46 +0000 2018,None,johnmccain never missed a chance to stab someone in the back this time he stabbed wethepeople in the back songbirdjohn,neutral
47,831718417635930116,Deanna Joyce Earnest,Tue Aug 28 19:56:47 +0000 2018,None,followthewhiterabbit qanon greatawakening spygate maga igreport walkaway qanon johnmccain white house cmaawards,neutral
48,954596279572619264,mindersue,Tue Aug 28 19:56:48 +0000 2018,United States,plora it says is respecting mccains wishes what does your icons request say about him bitter,negative
49,203281129,RCD0523,Tue Aug 28 19:56:49 +0000 2018,Boston MA,i wish this was true but i am skeptical,negative
50,1010577258376040448,FreeDumbCaucus,Tue Aug 28 19:56:50 +0000 2018,None,he served himself,irrelevant
51,58364692, myLove4MJ ,Tue Aug 28 19:56:51 +0000 2018,#MAGA,i can only imagine how awkward you must have felt when obama snubbed nancy reagans funeral,negative
52,2416206530,Marlene Clarkin,Tue Aug 28 19:56:52 +0000 2018,None,unfortunately he doublecrossing stab johnmccain in the back sucking up to fivetime draft dodger,negative
53,1010604030274355200,Shellie Ash-Jones,Tue Aug 28 19:56:53 +0000 2018,Missouri USA,if thats how you interpret it i see it more as not just blindly following,positive
54,2608713888,Kiki ,Tue Aug 28 19:56:53 +0000 2018,Where God's Will Is,enough already many die and there are many heroes,positive
55,987499799317532672,robert brill,Tue Aug 28 19:56:55 +0000 2018,None,in memory of the vietnam war hr299 for the sailors of blu,irrelevant
56,369161036,Cim Cardashian,Tue Aug 28 19:56:55 +0000 2018,Chicago,someone got to amp made him lower the flag to honor you know he hated doing it becaus,negative
57,839495755203162112,Sasmenot,Tue Aug 28 19:56:56 +0000 2018,None,cat cindymccain is not at all qualified to be a senator her agenda will be a mirror that of her late traitor hus,negative
58,3974137947,Clay8745,Tue Aug 28 19:56:56 +0000 2018,Tavares FL,james1 she dont know shit about our needsall these years and she has,negative
59,1930755211,SailorDan_Tweets,Tue Aug 28 19:56:56 +0000 2018,None,cat what does it say about your american icon who asked that our not attend his funeral,irrelevant
60,18478514,kppotatoes,Tue Aug 28 19:56:57 +0000 2018,USA,taibbi why did johnmccain continue to support war amp why has the rest of usa never come to terms with the defini,neutral
61,34167323,Dean Fredriksen,Tue Aug 28 19:56:57 +0000 2018,SuwaneeGA,so i have a story in december of 2003 my cousin a massachusetts resident was injured by a roadside bomb in,irrelevant
62,924106202,Vic Bullard,Tue Aug 28 19:56:59 +0000 2018,East Flat Rock NC,im not crying youre crying goodbyejohnmccain,negative
63,32297981,Ruthie McCollough,Tue Aug 28 19:57:00 +0000 2018,None,was a tireless advocate for americas values and principles throughout the world,irrelevant
64,884828022850891778,MeThePeople,Tue Aug 28 19:57:00 +0000 2018,United States,yup something was very telling about statement today i may give him some leeway o,positive
65,58525387,Clay Adams #BoycottNRA,Tue Aug 28 19:57:02 +0000 2018,None,dear ur pain over the loss of ur dear friend johnmccain is clear and im truly sorry for ur loss now,negative
66,1232511270,robin baker,Tue Aug 28 19:57:05 +0000 2018,None,greer did you attend seth richs funeral or did you just send flowers and debate questions,irrelevant
67,1930845782,ThisCarol,Tue Aug 28 19:57:05 +0000 2018,The Beach,was a war hero and noted pow he was someone who bucked norms so much so he was labeled a maverick his 60,positive
68,3237290462,Lilianny Leebou,Tue Aug 28 19:57:06 +0000 2018,United States,reform gov an,irrelevant
69,281532180,David Isaksen,Tue Aug 28 19:57:06 +0000 2018,Norway,flight cleared for takeoff farewell johnmccain youve slipped the earths bonds for a place free of pain ripjoh,positive
70,4318772129,Emskware,Tue Aug 28 19:57:09 +0000 2018,NJ Shore,come on how do you expect to h,irrelevant
71,999413227472674817,geno042,Tue Aug 28 19:57:10 +0000 2018,None,this is one dumb wench your little lie i didnt mean what i said you idiot are y,negative
72,57426395,MIKENot affiliated w other shoe smugglers,Tue Aug 28 19:57:10 +0000 2018,GREAT WHITE NORTH-CANADA,rest in peace mr mccain hero soldier johnmccain veteran vietnam truepatriot,neutral
73,860832549337272321,Mary Jean Pompeo,Tue Aug 28 19:57:10 +0000 2018,None,will you be doing it in russian,irrelevant
74,873284705558425600,Angel,Tue Aug 28 19:57:10 +0000 2018,United States,harbison and shes running for office,irrelevant
75,54224362,Service Work Sherry,Tue Aug 28 19:57:10 +0000 2018,chicagoIL,looks like you can see a tear falling down his face,negative
76,32297981,Ruthie McCollough,Tue Aug 28 19:57:11 +0000 2018,None,damnit rojo where the hell were you when asshole trump was trashing john mccain co,neutral
77,1318635247,Patrick Moultney,Tue Aug 28 19:57:12 +0000 2018,4209 South Dixie Highway,lindsey graham was turned during his 2018 1st golfing trip with trump at,irrelevant
78,1362062425,Kimberly G.,Tue Aug 28 19:57:17 +0000 2018,SWVA,crocodile tears as my dad would say,irrelevant
79,491932706,NC10s1,Tue Aug 28 19:57:18 +0000 2018,Portland Oregon,insc spork if there is any truth to this i cann,irrelevant
80,23807579,LadySway,Tue Aug 28 19:57:22 +0000 2018,Brooklyn NY,i thought i was the only one to feel he is being blackmailed maybe,neutral
81,159095242,John Finucane,Tue Aug 28 19:57:22 +0000 2018,None,final thought on johnmccain see all the reverential eulogies by establishment figures claiming he was model public servant,neutral
82,16369804,Aaron Hicks,Tue Aug 28 19:57:22 +0000 2018,Palmerston North or Foxton.,president has been asked on four occasions by reporters for his thoughts on the senator,irrelevant
83,128861308,Helen o'D,Tue Aug 28 19:57:22 +0000 2018,Ireland,3piled on sarah palin like a bunch of mysogynsts amp questioned johns iq amp judgement f,irrelevant
84,1056716616,Brenda Abramson ,Tue Aug 28 19:57:25 +0000 2018,Maryland USA,nothing will erase your fawning over for last months on earthnot one peep out of u whi,neutral
85,961358445873192961,United We Stand,Tue Aug 28 19:57:26 +0000 2018,Earth,what does it say about that she apparently showed up at the hospital right after sethrich was shot,positive
86,59614899,J G,Tue Aug 28 19:57:27 +0000 2018,Central Islip NY,the white house honoring johnmccain,neutral
87,25165002,AlaskaWild ,Tue Aug 28 19:57:28 +0000 2018,Washington DC,history may miss one of s greatest achievements his decadeslong call to actonclimate,positive
88,832959747196383233,Trashbuster,Tue Aug 28 19:57:29 +0000 2018,USA,what does it say about a member of msm who secretly funneled advance questions to a crooked clinton in preparation,negative
89,2354346220,Mavis,Tue Aug 28 19:57:30 +0000 2018,Berkshire England,it would mean a lot to the world if you could summon up the courage to act with eve,negative
90,168638221,Michael Ganz,Tue Aug 28 19:57:30 +0000 2018,Beverly Shores IN,you libs never gave a damn about the flag before now all of a sudden its big new,positive
91,3267328146,Susannah,Tue Aug 28 19:57:32 +0000 2018,San Diego CA,after failed even to pander to republicans successfully following the death of he totally caves t,negative
92,17291075,Marvlous,Tue Aug 28 19:57:34 +0000 2018,Georgia,if youve been banned from two funerals and a wedding make no mistake you are an asshole tuesdaythoughts barbar,irrelevant
93,885679972345679876,Chloe,Tue Aug 28 19:57:34 +0000 2018,USA,in the early 70s i started wearing a powmia bracelet randomly my soldier was john mccain in 1973 i watched him on t,negative
94,23030548,PkHS,Tue Aug 28 19:57:36 +0000 2018,College Station TX,this is nice amp all but you know what would be nicer mr mcconnell if you upheld your oath to the constitutio,positive
96,872451410025213952,Denise R Neri,Tue Aug 28 19:57:37 +0000 2018,My House Usa,give it a rest did you gin up same drama when president obama failed to attend funeral of justice antonin,negative
97,112549345,LoriG,Tue Aug 28 19:57:37 +0000 2018,None,can you believe this fckery johnmccain resist,neutral
98,1026541982427086848,America Today,Tue Aug 28 19:57:38 +0000 2018,None,america lost a statesman and hero tonight and all of us in the senate lost a friend my full statement on,positive
99,920640363773222913,Lori Davis,Tue Aug 28 19:57:39 +0000 2018,None,pres trump is honoring mccains request that he not attend mccains funeral stop the hate president trump is hel,negative
100,915367298185166849,Cheryl,Tue Aug 28 19:57:42 +0000 2018,None,drama drama drama thats how we know was a democrat,irrelevant
101,72706439,Patricia Thomas,Tue Aug 28 19:57:43 +0000 2018,None,dear fellow veterans by his inaction to honor just told us that our service,irrelevant
102,759839801017241600,MaryAnn Smith,Tue Aug 28 19:57:43 +0000 2018,None,john mccain said he didnt want president trump to come and why should president trump go do you go to pe,neutral
103,66774765,RogueMosaique,Tue Aug 28 19:57:44 +0000 2018,San Jose CA,i find it ironic that is unable to follow s advice he has turned his back on mc,negative
104,824787330493972480,AltNSA,Tue Aug 28 19:57:44 +0000 2018,Earth,uscis crying on the floor of the senate remembering it is the equivalent of faking a political o,negative
105,33791283,Carol Boeth,Tue Aug 28 19:57:46 +0000 2018,Calgary Alberta,i love johnmccain,positive
106,826506138300645377,Pamela Bromme,Tue Aug 28 19:57:47 +0000 2018,None,holy crap says the media is using the president disrespecting to victimize,negative
107,315495725,Patrick L. Lee,Tue Aug 28 19:57:47 +0000 2018,PDX,there are many things trump has done that are morally more opprobrious than this episode but i can think of none that,positive
108,840901878,W ,Tue Aug 28 19:57:50 +0000 2018,None,lindsay john didnt care about who you are he accepted you take,irrelevant
109,2768682611,Brian Lewis Innis,Tue Aug 28 19:57:51 +0000 2018,None,saddened to hear of s passing his legislative amendment barring reinstatement of ciatorture programme,irrelevant
110,2406193967,rita johnson,Tue Aug 28 19:57:52 +0000 2018,Virginia USA,donna brazile how do you show your face in public when we know you participated in rigging an election donna what did hi,neutral
111,798274015005642752,Never Trump,Tue Aug 28 19:57:52 +0000 2018,None,hell answer questions about the wall but not about american hero trump is a total loser lockhimup,neutral
112,826506138300645377,Pamela Bromme,Tue Aug 28 19:57:53 +0000 2018,None,is a frickin idiot trum,negative
113,1010604030274355200,Shellie Ash-Jones,Tue Aug 28 19:57:53 +0000 2018,Missouri USA,super how about a bipartisan gang that passes laws and gets things done,positive
114,2998393649,Cynthia Hingsbergen,Tue Aug 28 19:57:55 +0000 2018,None,tells may well be more powerful in death than life as an example of the,positive
115,1026541982427086848,America Today,Tue Aug 28 19:57:55 +0000 2018,None,ive announced the formation of a bipartisan gang to come up with a suitable lasting tribute to the legacy of our frie,positive
116,91272139,Alaskans4Trump ,Tue Aug 28 19:57:55 +0000 2018,Anchorage AK,poll which best describes your personal view of johnmccain please vote amp rt mccainlegacy mccainfuneral,positive
117,35375100,DC,Tue Aug 28 19:57:56 +0000 2018,None,he was an advocate for the american people but you are a russian troll mccain wou,neutral
118,3183427777,Oregon Coast Living,Tue Aug 28 19:58:00 +0000 2018,Oregon USA,all should honor mccain but they are too busy with russias money to care anymore,positive
119,160312547,RICO aka Dem,Tue Aug 28 19:58:01 +0000 2018,Workers' Paradise of Illinois,i thought it was mccains wish demand that not attend cant have it both ways,neutral
120,2821069682,RabbitPainter,Tue Aug 28 19:58:05 +0000 2018,California USA,is obviously compromised by dirty or he wouldnt be betraying his friend i cal,negative
121,1327854876,Dale W.,Tue Aug 28 19:58:06 +0000 2018,Indiana USA,integrate k e a t i n g,irrelevant
122,415620873,Libby Hitchcock,Tue Aug 28 19:58:08 +0000 2018,Dallas GA,traitor you know the honorable john mccain is so disgusted with you youre nothin,negative
123,3438469581,Aerin Cruz,Tue Aug 28 19:58:09 +0000 2018,Orlando FL,our potus disagrees this week last week next week and every other week will always be about him and his p,negative
124,826506138300645377,Pamela Bromme,Tue Aug 28 19:58:02 +0000 2018,None,math why do you foist santorum upon your viewers,irrelevant
125,753057467496558592,Johnathan Gionova,Tue Aug 28 19:58:10 +0000 2018,Miami Beach FL,someone got to amp made him lower the flag to honor you know he hated doing it because hes,negative
126,829026009869647872,SubversiveWare,Tue Aug 28 19:58:10 +0000 2018,United States,i dont want to lower the flag he was mean to me trump is vindictive infantile asswipe who thinks the w,negative
127,830905941855989761,Maureen,Tue Aug 28 19:58:12 +0000 2018,None,clearly was unaware of the info putin amp trump have on,positive
128,1001232672071569409,Mitchell Meeks,Tue Aug 28 19:58:12 +0000 2018,Red State Misery ,i hope that many if not most or all will join because was a dear friend to all of us and a great american,positive
129,14118661,Whiskey Business,Tue Aug 28 19:58:16 +0000 2018,Key West FL,what does it say about a county that has a msm that it so consumed with h8 that they use the death if a senator s,irrelevant
130,2312614634,Thomas,Tue Aug 28 19:58:20 +0000 2018,California USA,beautiful moving words from late do not despair of our present difficulties we believe always in the p,positive
131,2525601571,roadwish,Tue Aug 28 19:58:20 +0000 2018,United Kingdom,it would be hard to find an exchange on twitter that better exemplifies the divide between sycophantic journalists fawning b,positive
132,23167589,Jeana Tarr,Tue Aug 28 19:58:21 +0000 2018,Pennsylvania USA,you lie mccain requested trump not attend funeral sorta like when you lied about giving hillary the deba,neutral
133,775346109434753024,Kathy Nassios,Tue Aug 28 19:58:21 +0000 2018,None,former brazile sailed thru the rigged debate scandal the slipping of questions to the lovely mrs clinton the ent,positive
134,393575217,MaasiesMess,Tue Aug 28 19:58:23 +0000 2018,Home Sweet Home,well santorum is an ass so theres that,irrelevant
135,135266751,Gail Beardslee,Tue Aug 28 19:58:25 +0000 2018,Central Michigan,demsmsm in 08 john mccain is a racist traitor and a womanizing bigot johnmccain despised president trump knowingly ga,neutral
136,884828022850891778,MeThePeople,Tue Aug 28 19:58:29 +0000 2018,United States,i think has flipped on trump for sure,positive
137,970859018104131584,Kathryn Crawford,Tue Aug 28 19:58:32 +0000 2018,Arizona USA,stargem jordan 2017,irrelevant
138,504706779,RICHARD HANNON,Tue Aug 28 19:58:34 +0000 2018,Biloxi MS,i hope the mccain family tell him not to show up at the service for he do,neutral
139,38559713,Ricia G,Tue Aug 28 19:58:35 +0000 2018,new jersey,i liked a video johnmccain is petty af azealia banks on wildnout tamar shut up more,positive
140,2896690241,Brenda Fleming,Tue Aug 28 19:58:35 +0000 2018,Orlando,he has failed,negative
141,20702508,Karen Piper,Tue Aug 28 19:58:36 +0000 2018,Columbia Mo and Seattle WA,please honor his memory john mccain putin is a murderer and a thug who seeks to,neutral
142,1033996143523508224,John McCain's Ghost,Tue Aug 28 19:58:39 +0000 2018,Aetherial Gardens BZ ,what is irreverence johnmccain americanhero imback,neutral
143,883670126289190913,Connie Siciliano,Tue Aug 28 19:58:40 +0000 2018,None,should never have had the honor of an r before his name he was a true rino,positive
144,3195490244,Deborah Lee,Tue Aug 28 19:58:42 +0000 2018,None,he wouldnt have lowered without the pressure being out on him even when he finally tha,neutral
145,3237290462,Lilianny Leebou,Tue Aug 28 19:58:43 +0000 2018,United States,maybe you should have a look at some of those phot,irrelevant
146,2525601571,roadwish,Tue Aug 28 19:58:43 +0000 2018,United Kingdom,why all the sycophanty across mainstream media over johnmccain keating 5 grifter weapons trafficker to alqae,neutral
147,45180407,Rich,Tue Aug 28 19:58:45 +0000 2018,Florida USA,what happened to this guy you sold your soul and insulted a true hero and warrior,positive
148,716815924133801985,Yvette Hubmer,Tue Aug 28 19:58:48 +0000 2018,None,the building should be renamed after russell was never worthy of such an honor,negative
149,1434101960,GrogProducts,Tue Aug 28 19:58:48 +0000 2018,None,and thats why i told cnn if he is o,irrelevant
150,969062525135331329,Penny Kelley,Tue Aug 28 19:58:49 +0000 2018,Fresno CA,kelli ward just shut the hell up,irrelevant
151,833774753836048385,Rainaleigh Adamowicz,Tue Aug 28 19:58:50 +0000 2018,Cleveland OH,your occasional reminder has been in office 19 months and one week and has yet to visit our troops abro,neutral
152,103169178,motrin,Tue Aug 28 19:58:50 +0000 2018,South of Heaven,it was an honor to protect during his candidacy for president phoenix may you rest in peace,irrelevant
153,215388562,Real Paul Hogan,Tue Aug 28 19:58:51 +0000 2018,Dublin,there is simply no dignity in this failure to respond in an appropriate manner,positive
154,833370081929289728,John alan James,Tue Aug 28 19:58:51 +0000 2018,Park City KS,go home,irrelevant
155,21156125,You can run your house on rainwater,Tue Aug 28 19:58:53 +0000 2018,Coastal,i hope the truth about the mccain institute child sex trafficking amp what role ashton kutcher played comes out soon qano,neutral
156,1034529553941594112,santana parmentier,Tue Aug 28 19:58:57 +0000 2018,None,bittersweet memories of powmia bracelets no soldier forgotten,irrelevant
157,53812164,bonusChaos,Tue Aug 28 19:58:58 +0000 2018,Everywhere. And none at all.,donald trump refuses to lower flag for john mccain as we said yesterday donald trump is a pathetic thinskinned selfce,negative
158,932339733346373632,Dominica DeMario,Tue Aug 28 19:58:59 +0000 2018,Pennsylvania USA,are we done yet can we be done with this vile man this is past an outrage,negative
159,119519642,Media Roots,Tue Aug 28 19:58:59 +0000 2018,Oakland CA,that time johnmccain called us low life scum,negative
160,336840057,K SOULJA,Tue Aug 28 19:59:01 +0000 2018,Henderson NC,you got black people crying over johnmccain death,negative
161,301148961,Punto,Tue Aug 28 19:59:01 +0000 2018,None,katz 1 insane amp disturbing parallel to the fanaticism of jihadists in abhorring all those who oppose their beliefs neonazis c,negative
162,886051805699993600,AniPathik,Tue Aug 28 19:59:04 +0000 2018,Maryland USA,this is an old video of you would be proud of you if you said this today,positive
163,295327829,Neil Macbeth,Tue Aug 28 19:59:04 +0000 2018,Exile in county Durham,basic human decency just isnt in your fucking range of emotions is it doxy you fucking persimmon pigmented prick,negative
164,451090261,rick flanders,Tue Aug 28 19:59:05 +0000 2018,Beautiful Blue California,lets be crystal clear about this african american nfl players do not protest the flag or the anthem,positive
165,6330042,Stable Genius Michael Schirmer,Tue Aug 28 19:59:07 +0000 2018,Mission District California,great tweet,positive
166,817387749300994050,Donnalynn Morin,Tue Aug 28 19:59:07 +0000 2018,USA,how much higher can stupidity scale growboycottfoxnews well actually that statement i made was kind of dumb pin,negative
167,301148961,Punto,Tue Aug 28 19:59:08 +0000 2018,None,frfl neonazis celebrate the recent passing of johnmccain referring to him as a traitor,neutral
168,842587590880444416,Tyler Garner,Tue Aug 28 19:59:09 +0000 2018,Huntington Beach CA,your thoughts on the gop pumping the brakes on renaming the russell building for se,irrelevant
169,115154268,Crftbrlvr,Tue Aug 28 19:59:12 +0000 2018,Chicagoland,didnt democrats call him a nazi in 2008,irrelevant
170,154066663,Justiceis Mueller ,Tue Aug 28 19:59:13 +0000 2018,None,these perfect words from the man who knew best he understood the world as it is with all its,positive
171,701534470914994176,Mary Hilliard,Tue Aug 28 19:59:13 +0000 2018,Dallas TX ,whats that your opposing today 82818 the renaming of the russell building after,irrelevant
172,559431547,Diana Brandley,Tue Aug 28 19:59:14 +0000 2018,None,i will be mourning john mccain even though i disagreed with him,neutral
173,232236942,kate kavanagh,Tue Aug 28 19:59:14 +0000 2018,dublin,its hard to believe this creature was voted into office or was he fakeelection,negative
174,1031233940265295879,ranae gohr,Tue Aug 28 19:59:17 +0000 2018,None,just twitter message is not enough,neutral
175,885627714832539648,@LadyCesar,Tue Aug 28 19:59:17 +0000 2018,Tempe AZ,i live here shes daft completely daft and scary,negative
176,336840057,K SOULJA,Tue Aug 28 19:59:18 +0000 2018,Henderson NC,malcomx tried to warn us not to trust comedians and entertainers with politics dlhughley is one of those comedians that w,irrelevant
177,119556176,Judi,Tue Aug 28 19:59:18 +0000 2018,East Tennessee (USA),palssuddenservice morristowntn to my knowledge i have never eaten at pals simply bc i dont eat fast food but,positive
178,15976448,PammyT,Tue Aug 28 19:59:19 +0000 2018,Pennsylvania,proved he was a bitter old man all the way to the grave and beyond if he was still,neutral
179,886135393921486849,crimson executioner,Tue Aug 28 19:59:19 +0000 2018,None,the media is spreading a lie that johnmccain defended obama from hatred amp bigotry because he told one of his supporters,neutral
180,2574855938,annemarie.nenzell,Tue Aug 28 19:59:20 +0000 2018,None,pretty remarkable,positive
181,45379403,"Davy ""Three Cakes"" Acko",Tue Aug 28 19:59:22 +0000 2018,Liverpool,if human rights champion means volunteering to bomb civilianschampioning every war the us has been involved in t,neutral
182,3596687292,CNN is the MSM ShitHole,Tue Aug 28 19:59:23 +0000 2018,Behind Enemy Lines - Peoples Republic of Kalifornia,what does it say about a member of msm who secretly funneled advance questions to a crooked clinton in preparation of a,negative
183,2830808444,Brother David,Tue Aug 28 19:59:23 +0000 2018,#DarlaHouse:is#GodsHouse,mccain told him not to you moron why dont you tell us what happened to sethrich you wildebeest,negative
184,3237290462,Lilianny Leebou,Tue Aug 28 19:59:23 +0000 2018,United States,tried to get those pills but republicans,irrelevant
185,2335979792,Skatrgurrl,Tue Aug 28 19:59:24 +0000 2018,Canada,it is indeed sad to see he gave up so much for the love of his country a true hero whi,positive
186,385150206,Shane,Tue Aug 28 19:59:25 +0000 2018,Florida USA,gold the things potus trump cares about google crowdsize etc vs not puertorico johnmccain etc is some,neutral
187,835508264053932033,Tess,Tue Aug 28 19:59:27 +0000 2018,United States,one of a few stories you will not read about john mccain in vietnams staterun media would be his close ties with the huma,negative
188,2529044971,Warrior Grandma,Tue Aug 28 19:59:27 +0000 2018,West Coast,today is a good day to remember the real reason trump has such hatred for the patriot who obtained amp th,positive
189,1010604030274355200,Shellie Ash-Jones,Tue Aug 28 19:59:28 +0000 2018,Missouri USA,you can be bipartisan on this issue but not on matters of state,irrelevant
190,346339018,Sandra Bridges,Tue Aug 28 19:59:29 +0000 2018,Tampa Florida,well sir he didnt just talk the talk he walked the wall can you,irrelevant
191,919663080,Lawrence Chance,Tue Aug 28 19:59:31 +0000 2018,North Carolina,when is cnn going to stop giving santorum to stink up their programming,irrelevant
192,827929898236911620,BicMob,Tue Aug 28 19:59:31 +0000 2018,Minnesota USA,trump johnmccain its ironic that trump and his like are so offended by the fictional disrespect to our veterans,positive
193,916685292370841601,Dennis L Grote,Tue Aug 28 19:59:33 +0000 2018,Burlington VT,thank you on arden way in sacramento for keeping flags at half staff in honor of,negative
194,22501421,Nadine,Tue Aug 28 19:59:33 +0000 2018,None,red what does it say about america when john mccain can be considered an american icon,neutral
195,154066663,Justiceis Mueller ,Tue Aug 28 19:59:34 +0000 2018,None,thats bullshit mckinnon and from this was born a great friendship and then a partnership remembers,positive
196,1548567426,BADRIDER,Tue Aug 28 19:59:34 +0000 2018,Connecticut USA,remember ur actions speak louder then ur words we do sympathize with u for ur loss,irrelevant
197,1379675096,Erin Cooksley,Tue Aug 28 19:59:37 +0000 2018,San Francisco CA,dems are praising and wanting to name buildings after him meanwhile the is calling him out for,irrelevant
198,340528245,Denis Wauchope,Tue Aug 28 19:59:37 +0000 2018,Carlsbad CA USA,trump why was johnmccain military record sealed nixon had to pardon him mccain was a traitorthe term hero is no where app,negative
199,706644748526874624,Susie D,Tue Aug 28 19:59:39 +0000 2018,United States,was this before or after he defended trumps treatment of mccain and threw,neutral
200,498316263,mbt _ brannon,Tue Aug 28 19:59:39 +0000 2018,United States,johnmccain a globalist who posed as a us senator helped arm isis and enriched himself while innocent men wome,positive
201,204386512,Fox News Video,Tue Aug 28 19:59:41 +0000 2018,U.S.A.,sen delivers afteraction report on johnmccain,neutral
202,36191695,DNews Politics,Tue Aug 28 19:59:41 +0000 2018,Salt Lake City Utah,us ambassador to russia a former utah governor and have long history utpol,negative
203,1010944632237297665,TrueBlueReport,Tue Aug 28 19:59:42 +0000 2018,United States,you have shown no loyalty or support for your deceased friend and colleague you,irrelevant
204,19481732,HopeSpringsATurtle,Tue Aug 28 19:59:42 +0000 2018,Eagle Rock ,i wish the air force would take away his commission,irrelevant
205,184569036,Kim G.,Tue Aug 28 19:59:43 +0000 2018,None,you disgrace the memory of mccain you cant even honor his last words to you cou,neutral
206,831651493329580032,Marty,Tue Aug 28 19:59:44 +0000 2018,California USA,ditto ditto ditto did he not carry the fake dossier and hand it to someone acting like it was the real deal kno,negative
207,786093031321731072,karole,Tue Aug 28 19:59:46 +0000 2018,None,listen up you twat waffle senate seats are not just passed down like a piece of furniture in a family will we are deman,negative
208,2511274210,Desiree,Tue Aug 28 19:59:49 +0000 2018,None,your father is gone but keep his spirit alive that is your conviction and your connection i have been wher,positive
209,3061807265,Linda Jackson,Tue Aug 28 19:59:50 +0000 2018,Fort Wayne IN,desk on the senate floor,irrelevant
210,797092188022800384,Jon (#babytrump),Tue Aug 28 19:59:51 +0000 2018,None,all military amp veterans recognize that the commander amp chief didnt want to recognize a veteran,negative
211,1686568830,CD in CHI ,Tue Aug 28 19:59:52 +0000 2018,Chicago,amen,irrelevant
212,968712288969592832,Wizard,Tue Aug 28 19:59:52 +0000 2018,Massachusetts ,me hes dancing on a tightrope,irrelevant
213,823659580978663424,rae piha,Tue Aug 28 19:59:52 +0000 2018,None,i agree republicans grow a backbone trump did not continue to fly our flag at half m,positive
214,25552705,jlee,Tue Aug 28 19:59:53 +0000 2018,None,yes and what about the part where he said john mccain taught about compromise that the other side must get somethi,negative
215,972702955,Don Sanders ,Tue Aug 28 19:59:53 +0000 2018,Annapolis MD,the real john mccain was a very bitter manto the very end so sad,negative
216,987499799317532672,robert brill,Tue Aug 28 19:59:54 +0000 2018,None,blue water sailors we salute our fallen comrade hr299 please help,neutral
217,3237290462,Lilianny Leebou,Tue Aug 28 19:59:54 +0000 2018,United States,being outraged about war is perfectly natural m,negative
218,816011957849337856,Linda Eck,Tue Aug 28 19:59:56 +0000 2018,Apache Junction AZ,if you really want to honor then stand up to as he did show a w,positive
219,808891990465245184,Violeta Bostioca,Tue Aug 28 19:59:56 +0000 2018,Sterling Heights MI,i am a democrat who respects mccain republicans i despise nonmccain republicans and you are one of them,neutral
220,43342743,FOX 47 News,Tue Aug 28 20:00:00 +0000 2018,Lansing Michigan,livonia woman who prayed for johnmccain as a pow shares letter from the senator johnmccainrip,neutral
221,3383828055,#TrumpRussia LIVE,Tue Aug 28 20:00:01 +0000 2018,Washington DC,mccains brain tumor should be nominated for the next nobel peace prize johnmccain,neutral
222,479089079,Bill Bertram,Tue Aug 28 20:00:03 +0000 2018,Father coach Proud Never-Trumper. Give me Bears and Badgers or give me death. I don't abide #treasonweasels,lets hope she has more comments like this so we can turn that seat blue,positive
223,835508264053932033,Tess,Tue Aug 28 20:00:04 +0000 2018,United States,duluth navy veteran david wheatwho was held captive during the vietnam war w amp recalls using handsignal,positive
224,988084104,Lt. Evergreen ,Tue Aug 28 20:00:05 +0000 2018,At sea underway as before.,we weaken our greatness when we confuse our patriotism with tribal rivalries that have sown resentment and hatred and violen,irrelevant
225,411621494,judy morris,Tue Aug 28 20:00:06 +0000 2018,Delaware USA,johnmccain is and has always been an american hating sociopath the cruel crude and unspeakable evil,negative
226,2616233653,LIBERTY IS #1,Tue Aug 28 20:00:07 +0000 2018,None,ditto ditto ditto did he not carry the fake dossier and hand it to someone acting like it was the real deal knowing it,negative
227,838214213801668608,PURPLERAIN2018,Tue Aug 28 20:00:08 +0000 2018,None,you are not his friend u were not a friend stop with the bs already you are a kgb,irrelevant
228,230279693,Sarah Wenig,Tue Aug 28 20:00:08 +0000 2018,Free Agent in Boston MA,the best tribute would be to stop kowtowing to trump,positive
229,104531272,Mario Soto,Tue Aug 28 20:00:09 +0000 2018,So. California USA,and yet this man somehow equates kneeling at a football game as unamerican what is it that you are apparently pr,negative
230,824705293514932226,MiMi,Tue Aug 28 20:00:09 +0000 2018,None,hes no man hell he aint even a mouse that prepared statement that he was forced to read was,negative
231,2312902755,Dan Herrin ,Tue Aug 28 20:00:13 +0000 2018,Birmingham AL,unseen it says our leader respects the final wishes of the deceased thats class obama would have ignored whatever the perso,neutral
232,425950001,mary weaver,Tue Aug 28 20:00:13 +0000 2018,None,dump santorum lying pos hes on i grab the remote,negative
233,786641041860329473,NoSheDidntxo,Tue Aug 28 20:00:16 +0000 2018,Alberta Canada,johnmccain is the last true republican that proved just because you dont agree on everything th,positive
234,1269396228,Reid A. T. Leaf,Tue Aug 28 20:00:18 +0000 2018,None,to bad you arent,negative
235,775004950971740160,Arthur,Tue Aug 28 20:00:19 +0000 2018,New Britain CT,yes he did lindsey speaking today of sen john mccain moved me i,neutral
236,236062721,Josefina Holmes,Tue Aug 28 20:00:21 +0000 2018,Anderson California,senator russell was a bigot and a racist in full view his name on that building is a disgrace it is only right th,positive
237,1677012432,Seagull,Tue Aug 28 20:00:21 +0000 2018,None,to be clear using our flag in such a vindictive manner is more disrespectful than nfl players taking a knee against po,positive
238,396348963,Spock's Marshmellon,Tue Aug 28 20:00:21 +0000 2018,Yosemite ,isnt she an md,irrelevant
239,3237290462,Lilianny Leebou,Tue Aug 28 20:00:22 +0000 2018,United States,too bad we all cant simply chill out and liv,negative
240,926289287729090560,Audra,Tue Aug 28 20:00:22 +0000 2018,Texas USA,even those in foreign countries agree mccain was a traitor and warmonger,negative
241,3286758685,Wanda Essler,Tue Aug 28 20:00:25 +0000 2018,TEMPLE TEXAS ,we could really use a president johnmccain tuesdaythoughts,positive
242,823522731333484544,Alice Keck,Tue Aug 28 20:00:26 +0000 2018,Maryland,awoke the angels of our better nature amp inspired todays jillspin sent by a fan who knew one day wed h,positive
243,967175216378990592,MyHammy218,Tue Aug 28 20:00:27 +0000 2018,AMERICA,mccain didnt want to attend so he is doing the right thing and respecting his wishes if he did go this idiot woul,negative
244,62092084,Jazziette Devereaux,Tue Aug 28 20:00:28 +0000 2018,Scottsdale AZ,im not going to be a hypocrite i will never forgive johnmccain for giving what he knew was a fake steeledossier,negative
245,1257559999,LadySifResistsMake It Happen,Tue Aug 28 20:00:29 +0000 2018,Asgard & NH,theresistance arizona reacts to trumps reaction to johnmccainrip death,neutral
246,4895552534,Denise Wilkins,Tue Aug 28 20:00:29 +0000 2018,California USA,america is watching now we are holding all you honest politicians the shit thats,positive
247,4790597774,Cande Andrade,Tue Aug 28 20:00:31 +0000 2018,Vancouver-Mexico,hello usa from canada johnmccain was a whitesupremacist prolife genocidal warmonger please stop trying to bs the,neutral
248,2324778534,Jacqui Byron,Tue Aug 28 20:00:33 +0000 2018,California USA,queen of the shit storms or divisionists,negative
249,31471559,Peter McConeghy,Tue Aug 28 20:00:34 +0000 2018,None,was viewed as a racist bigot by the press just a few short ye,negative
250,3001740905,Daniel Morgan GS,Tue Aug 28 20:00:35 +0000 2018,Washington DC,chair of intelligence program recollects his personal experience with senator john mccai,neutral
251,2904756511,Brian Jennings,Tue Aug 28 20:00:37 +0000 2018,None,im,irrelevant
252,571522524,Rob Sellers,Tue Aug 28 20:00:37 +0000 2018,Tulsa Oklahoma,the most important thing we can do my friends to improve education in america is to commit ourselves to the cause of s,positive
253,58652153,Lisette Root,Tue Aug 28 20:00:37 +0000 2018,Oregon State,this points out the inherent selfishness of this woman the words she said are despicable michael leave the gop,irrelevant
254,1533791462,StellaStar711,Tue Aug 28 20:00:38 +0000 2018,Boston,you are much kinder than i i beli,positive
255,934667124521521152,mikey,Tue Aug 28 20:00:38 +0000 2018,None,hillary stole the money for,irrelevant
256,23258386,Cherteapet,Tue Aug 28 20:00:38 +0000 2018,WI,to be as clear as possible no such conversation could ever have possibly happened youll keep,positive
257,1561539391,liberty lady ,Tue Aug 28 20:00:41 +0000 2018,None,what does it say about the dnc chairwoman when shes the hospital where seth rich was taken when murdered i suppose,positive
258,14744838,Allan Ewart,Tue Aug 28 20:00:44 +0000 2018,Scotland United Kingdom,iraq bloomin typos twitter doesnt let,irrelevant
259,2342679650,Liquid Money Maker,Tue Aug 28 20:00:45 +0000 2018,None,well he is a sailor certainly cusses like one,positive
260,1024400893968572417,Senate Majority Liar,Tue Aug 28 20:00:45 +0000 2018,None,now you know i loved suggestion of naming a building after j,positive
261,942592907109736448, ,Tue Aug 28 20:00:47 +0000 2018,Auburn CA,just because trump finally decided to do the right thing dosent mean he wasnt disrespectful to first it dos,positive
262,359080538,Its me (with The Resistance),Tue Aug 28 20:00:47 +0000 2018,Los Angeles vicinity,protecting our democracy even after his death thank you rip steeledossier,irrelevant
263,924295350,William,Tue Aug 28 20:00:47 +0000 2018,Canada,the trail will be his demise,irrelevant
264,3886302134,Doug Thomas,Tue Aug 28 20:00:49 +0000 2018,None,there is no bottom,irrelevant
265,979847091936747522,Granite State Resister,Tue Aug 28 20:00:51 +0000 2018,None,ah yes,irrelevant
266,33893374,DAG,Tue Aug 28 20:00:52 +0000 2018,None,trump truly is a vile pathetic vindictive little man tuesdaythoughts theresistance maga trump foxnews resist imp,negative
267,269393785,@bjacobswein,Tue Aug 28 20:00:52 +0000 2018,Michigan USA,now waiting for graham to be that little bit of mccain he says he has in him,negative
268,860832549337272321,Mary Jean Pompeo,Tue Aug 28 20:00:52 +0000 2018,None,your friend john mccain was the epitome of courage honor decency amp sincerity,neutral
269,1012319209018286080,Noelle Hanneken,Tue Aug 28 20:00:53 +0000 2018,Scranton PA,the farewell letter from to america,irrelevant
271,4885749963,Tequilaa Bob,Tue Aug 28 20:00:54 +0000 2018,Hiding on the East Coast,john came from an era when men were men and the rest of you had bone spurs,irrelevant
272,990596939572903937,taylor,Tue Aug 28 20:00:55 +0000 2018,None,i was five times stronger,irrelevant
273,2795653799,Amanda Berg,Tue Aug 28 20:00:56 +0000 2018,Harrisburg PA,flags at halfstaff above the pennsylvania capitol to honor the passing of 82718,neutral
274,42520532,Adonia,Tue Aug 28 20:00:58 +0000 2018,Earth ,pssst mccain didnt and couldnt write anything he was in a coma for months,negative
275,627625719,Allie,Tue Aug 28 20:01:00 +0000 2018,None,phoenix love it godspeed sir and thank you,positive
276,587737444,Paul Grandsinger,Tue Aug 28 20:01:00 +0000 2018,California USA,why doesnt cnn just stop using santorum he,irrelevant
277,1032717747401048064,Democratic Socialist ,Tue Aug 28 20:01:01 +0000 2018,Portland Oregon An Extension  Of British Columbia Canada,trumps a pile of shit but mccain was a warhawk ne,negative
278,1113501800,Jen the Resister ,Tue Aug 28 20:01:02 +0000 2018,Southern CA,the negative narrative belongs only to for being a dumpster fire of a candidate,negative
279,713615145,AKay,Tue Aug 28 20:01:03 +0000 2018,Washington DC,hey i just received a message from in heaven and he told me he stopped being your friend w,irrelevant
280,766003898935115776,Bernd Neuner,Tue Aug 28 20:01:03 +0000 2018,Spaceship Earth,no words can characterize johnmccain better than his own,positive
281,713781393684369408,American Dean  ,Tue Aug 28 20:01:05 +0000 2018,America ,what does it say about our system of government when people like you can help rig a primary and forward questions,positive
282,22267255,real_pr_pro,Tue Aug 28 20:01:05 +0000 2018,One vowel away from iconic,this is why i found tearful speech on the senate floor today while no doubt sincerely felt a,positive
283,3237290462,Lilianny Leebou,Tue Aug 28 20:01:07 +0000 2018,United States,maybe if you didnt abuse pills yourself,irrelevant
284,2842396104, Tom Pickett ,Tue Aug 28 20:01:07 +0000 2018,Old Fort NC,a is pretty harsh why dont you just call him what any cop would call him f junkie crackhead if it w,positive
285,553740112,Bob Shaw,Tue Aug 28 20:01:10 +0000 2018,Texas USA,a special class of stupid,negative
286,774946020,Ahmxd,Tue Aug 28 20:01:11 +0000 2018,Cyprus,im sure they dont even know him either theyre just rolling with what the mainstream media is feeding them,positive
287,16261075,Seekandfind,Tue Aug 28 20:01:11 +0000 2018,New Jersey,president trump orders flags to halfstaff until next sunday in honor of sen mccain donaldtrump johnmccain,neutral
288,1159047036,peace..,Tue Aug 28 20:01:12 +0000 2018,None,people who think everything is about themthink everything is about them,irrelevant
289,3111721,klaatu barada nikto,Tue Aug 28 20:01:14 +0000 2018,Surfin' With The Alien,its a disgrace donna a real shame id never thought obama would not attend justice antonin scalias funeral,positive
290,4005337393,#VoteThemOut #LivingWage #FuckTrump ,Tue Aug 28 20:01:19 +0000 2018,Wherever my assignment is,as spends the day googling himself amp not accepting that all the negative reports are reflection,negative
291,25376060,Marie Lena,Tue Aug 28 20:01:22 +0000 2018,Chicago,since johnmccain has left the hill the republican spines have gone with him former cia director,neutral
292,2851109528,Jim Briere,Tue Aug 28 20:01:24 +0000 2018,None,how about you let all 100s of thousands of voters you amp your sos purged off voter rolls why not do what your citi,irrelevant
293,3237290462,Lilianny Leebou,Tue Aug 28 20:01:25 +0000 2018,United States,the fact that this dumbass tweet got 100 like,irrelevant
294,165605880,Taftan,Tue Aug 28 20:01:27 +0000 2018,None,rajavip johnmccain god bless his soul,neutral
295,1552045110,DeF,Tue Aug 28 20:01:28 +0000 2018,South Carolina USA,what kind of hold does trump have on you people youve compromised you,positive
296,819711551192055809,Rose ,Tue Aug 28 20:01:31 +0000 2018,Hogwarts,god bless johnmccain respect for this american citizen who proudly served our country for so many years rip,positive
297,1022769497227362304,ryan karlson,Tue Aug 28 20:01:35 +0000 2018,Colorado USA,dm or call 1 7192869778 if you nee,irrelevant
298,1009475893125926912,Nita,Tue Aug 28 20:01:35 +0000 2018,South,needs to be removed from office this is a despicable take on his part theres no honor in the repub,irrelevant
299,845848194,eternal mountains,Tue Aug 28 20:01:39 +0000 2018,None,mcstain no hero or maverick he was a traitor to the end,irrelevant
300,722588211353100288,cinnaminnie,Tue Aug 28 20:01:39 +0000 2018,Rye NH,philly no geraldo thats not ok cindy mccain maybe qualified but with all due respect she just lost a husband and obviously,negative
301,3105174701,Karen Hamilton ,Tue Aug 28 20:01:42 +0000 2018,Georgia USA,s the reverse is actually the case for the first time in american history we have a sitting us senator issue a dying wish to,positive
302,734624229648412672,aminul,Tue Aug 28 20:01:44 +0000 2018,None,i will do amazing logo or image to vector trace vectorize tracing asap contact me,positive
303,512625174,barbara zarrella,Tue Aug 28 20:01:44 +0000 2018,PSL. FL,my tribute to no ordinary warrior,positive
304,2696325938,Mammy,Tue Aug 28 20:01:44 +0000 2018,None,wouldnt want this pinhead bimbo to treat my illness classless foolish just plain stupid arrogant ignorant and,negative
305,862394271692840960,Mary Woodlee,Tue Aug 28 20:01:47 +0000 2018,Aurora CO,russia has come out with hateful rhetoric about lets show russia putin and viads puppet,irrelevant
306,82381023,Deplorable2327 ,Tue Aug 28 20:01:47 +0000 2018,None,is this a gentlemans way of speaking to women is this the way our senators speak to others especially to women,neutral
307,818272736757747712,Dawnne Patterson,Tue Aug 28 20:01:49 +0000 2018,None,this might be ur one saving grace he was ur friend please take a lesson in honor,irrelevant
308,819068622932877312,Carolyn  Gray Kraft,Tue Aug 28 20:01:52 +0000 2018,Batavia Illinois ,traitor,irrelevant
309,3105174701,Karen Hamilton ,Tue Aug 28 20:01:54 +0000 2018,Georgia USA,cat our devoted djt was excluded from johnmccains funeral to fuel disgusting hatred and,negative
310,1900832562,The Vanilla Godzilla8,Tue Aug 28 20:01:56 +0000 2018,Hollywood Phoenix Tokyo,presidentcarters opinion of the potus amp being disrespectful of johnmccain all because of a grudge he should be,neutral
311,851942613850750976,Nancy,Tue Aug 28 20:02:00 +0000 2018,None,thank you for your kind and honest words about our hero where wer,positive
312,1021414521607467013,john wayne,Tue Aug 28 20:02:01 +0000 2018,United States,ur memes suk make you look like a snowflake,irrelevant
314,31054493,Suneet Mahandru,Tue Aug 28 20:02:02 +0000 2018,New York,historic note 10 years ago today in denver accepted the democratic presidential nomination he said we,irrelevant
315,220428765,Marty Peterson,Tue Aug 28 20:02:01 +0000 2018,USA,chevalier u mad bro,negative
316,995380302049505280,Sajana/cece,Tue Aug 28 20:02:03 +0000 2018,Hawaii USA,remember when johnmccain wanted to take water from the navajo nation a nation where 40 of our population didnt have a,neutral
317,3836645961,Terese Zimmerman,Tue Aug 28 20:02:05 +0000 2018,None,cindy mccain should immediately replace her husband until the end of his term as john mccain wished,neutral
318,2738632115,Kim T,Tue Aug 28 20:02:05 +0000 2018,None,uscis lindsey shame on you you have failed to live up to sen mccains expectations fo,negative
319,291774022,JoeInWV ,Tue Aug 28 20:02:07 +0000 2018,West Virginia,friends like who needs enemies,irrelevant
320,865651857963614208,Lizanne Bello,Tue Aug 28 20:02:07 +0000 2018,None,a war hero a statesman only gets one day this president should order the flags to be flown at h,neutral
321,74283390,Anne Arjani,Tue Aug 28 20:02:07 +0000 2018,The Bay Area California,why bother you betray him by encouraging trump to dump sessions,irrelevant
322,1828562480,amzieaa,Tue Aug 28 20:02:09 +0000 2018,None,next person who tweets some sweet graha,positive
323,1704490550,I see you,Tue Aug 28 20:02:10 +0000 2018, USA,you know in his last weeks he must of been appalled of the person his former frien,negative
324,196871565,~~~mnie ,Tue Aug 28 20:02:16 +0000 2018,KAG*2020,please replace johnmccain with a republican patriotic american not cindymccain or meghanmccain,neutral
325,34279982,Critical Mass,Tue Aug 28 20:02:17 +0000 2018,Colorado USA,only the trump administration itself has had more ups and downs than the white house flag mccain,positive
326,958907147970076673,Denese Kesling,Tue Aug 28 20:02:17 +0000 2018,None,take your own advice,positive
327,991491583,miatagirl,Tue Aug 28 20:02:23 +0000 2018,The Beach Toronto,the decision about replacement will be made by arizona governor not donald trump or mitc,irrelevant
328,517906088,The_Carbon_Man,Tue Aug 28 20:02:24 +0000 2018,Washington USA,its sad that you arent even a vague shadow of the man mccain was resist the traitor trump,negative
329,888129417297276934,Kristin,Tue Aug 28 20:02:24 +0000 2018,New Bern NC,that moment when johnmccains ghost stuck the us constitution up s ass trump,neutral
330,2738632115,Kim T,Tue Aug 28 20:02:24 +0000 2018,None,uscis i am not watching putin crisis actor preform,irrelevant
331,554692470,Derrick Slone,Tue Aug 28 20:02:24 +0000 2018,Henderson Nevada,and two american heroes and real patriots unlike our current president,positive
332,3024423013,Kenneth Wills,Tue Aug 28 20:02:24 +0000 2018,Lakewood CO,sending deepest sympathy and prayers to you and your family during this difficult time,negative
333,847988105177071616,Bill  Dawall,Tue Aug 28 20:02:24 +0000 2018,United States ,lets not forget what he did for the vaespecially in the lovely state of arizona a,positive
334,2986237495,Its_Sunny_D,Tue Aug 28 20:02:25 +0000 2018,Southern Ohio,hope it wont fail like all the gangs of senate one example gang of eight,negative
335,1031311912934494208,demetrice potter,Tue Aug 28 20:02:25 +0000 2018,None,john mccain has passed at age 81 johnmccain,neutral
336,1287164340,Henry H. Ngan MBA CPA,Tue Aug 28 20:02:26 +0000 2018,Decentralized,the world just lost another great man rip senator mccain johnmccain rip,positive
337,840325282762502144,nabil ahmad,Tue Aug 28 20:02:31 +0000 2018,None,to mek members tirana albania 4142017 you have stood up fought amp sacrificed for freedom i thank you,irrelevant
338,237421347,Valkyrie Rising,Tue Aug 28 20:02:31 +0000 2018,Earth,today was supposed to be your shining moment this was destined to be your day you sold out your friend,irrelevant
339,914567454,Sue #JusticeIsComing,Tue Aug 28 20:02:31 +0000 2018,Rockville MD,rt to all primaryday voters demeans a true hero,positive
340,1032983455297101824,Sharon Lovell,Tue Aug 28 20:02:32 +0000 2018,Sweet Home Alabama,because of you if this young man is married his widow will have an offset on her survivor benefit plan you bl,positive
341,100457915,Ruben Carranza,Tue Aug 28 20:02:35 +0000 2018,New York,but he did have one unshakeable conviction wherever america had a foreign policy problem the solution was always,negative
342,1015264011343028225,Johnny Guido,Tue Aug 28 20:02:35 +0000 2018,Great Northeast,atlanta the flags at my offices are at half mast out of respect for johnmccains service its almost too much to take listen,positive
343,865651857963614208,Lizanne Bello,Tue Aug 28 20:02:38 +0000 2018,None,small man or not his advisers should have advised him to do a presidential order fo,negative
344,14344823,Senate Republicans,Tue Aug 28 20:02:38 +0000 2018,Washington D.C.,senators remember american hero he will be missed,irrelevant
345,983580594,midorikawa,Tue Aug 28 20:02:38 +0000 2018,None,feeling the same way,neutral
346,15294551,Cat West,Tue Aug 28 20:02:40 +0000 2018,Canada - USA,once again the is too chicken to hold a daily press briefing especially after almost,negative
347,346945884,Valis,Tue Aug 28 20:02:42 +0000 2018,Califas,wasnt it you who said sons of bitches who disrespect veterans should be fired youre fired alternativ,irrelevant
348,16564503,((MRW)),Tue Aug 28 20:02:42 +0000 2018,everywhere,how can anyone take seriously a candidate who in essence is saying his de,negative
349,816011957849337856,Linda Eck,Tue Aug 28 20:02:42 +0000 2018,Apache Junction AZ,ill tell you what we didnt miss was you turning your back on the ideals that,negative
350,448094092,chump,Tue Aug 28 20:02:42 +0000 2018,None,imagine one of your relatives lost everything and killed themselves after the lincoln,irrelevant
351,41449090,Zach,Tue Aug 28 20:02:42 +0000 2018,Cbus Ohio,i remember him crashing multiple planes,irrelevant
352,2187980375,Deb Neufeld,Tue Aug 28 20:02:43 +0000 2018,N Hutchinson Island FL,sistance trumps loathing of runs deeper than just jealousy hes hateful of him on behalf of putin mccain was,neutral
353,2543099457,stephanie kulesa,Tue Aug 28 20:02:50 +0000 2018,None,i cried watching you this morning praise mccain now you go on hannity,neutral
354,22501421,Nadine,Tue Aug 28 20:02:52 +0000 2018,None,this is a special kind of nauseating,positive
355,709600530285211648,TapperFactChucksMyMercatusM4A&SharkOpsFish,Tue Aug 28 20:02:57 +0000 2018,None,johnmccain you were a sweetheart of bombs,neutral
356,1012329853,Liz Blaha  #DemForce  #TheResistance,Tue Aug 28 20:02:57 +0000 2018,Buffalo Valley  Tennessee,msnbc never heard anything that rings so untrue as talking what johnmccain taught himhe learned nothing h,neutral
357,724375793825026048,DeeBeeTeedOff,Tue Aug 28 20:02:58 +0000 2018,United States,can you victimize the ultimate victimizer,neutral
358,1909758854,kiran  ,Tue Aug 28 20:02:58 +0000 2018,bi brown feminist M-L. She/Her,more recently johnmccain voted to block a deal to end american involvement in the increasingly genocidal saudil,positive
359,398985246,Suzi S A,Tue Aug 28 20:02:59 +0000 2018,None,did you forget that on his death bed john mccain said he didnt want the leader of the free world to attend his funer,positive
360,14526644,Chris Pugh,Tue Aug 28 20:03:00 +0000 2018,Columbus OH,reminds us that wherever you live whatever you do that you can make a difference in the way the world tu,positive
361,74283390,Anne Arjani,Tue Aug 28 20:03:02 +0000 2018,The Bay Area California,do you need a russian tutor,irrelevant
362,1340511360,David Hamelin,Tue Aug 28 20:03:02 +0000 2018,None,really mccain was part of the problem with the flag the president is a 2 bit ass,positive
363,587737444,Paul Grandsinger,Tue Aug 28 20:03:02 +0000 2018,California USA,the next time i see rick santorum on,irrelevant
364,700012184689049600,Eva Durn,Tue Aug 28 20:03:04 +0000 2018,None,rajavi my most profound condolences to the mccain family on the passing of he will always be remembered for his,positive
365,2294568643,Sealord,Tue Aug 28 20:03:09 +0000 2018,Left Coast,just make sure lindsay graham is not recruited,positive
366,770280543804133376,DarkForce,Tue Aug 28 20:03:07 +0000 2018,United States,this is incredible,positive
367,700012184689049600,Eva Durn,Tue Aug 28 20:03:11 +0000 2018,None,rajavi a man passed away who was determined to fight against the conspiracies of t,irrelevant
368,917151607195881474,Matthew Wright,Tue Aug 28 20:03:12 +0000 2018,South Dakota USA,we miss john mccain so much because he would have never said something like you did about,positive
369,74283390,Anne Arjani,Tue Aug 28 20:03:14 +0000 2018,The Bay Area California,pay tribute with your actions not your words senator your fullon embrace of donald trump i,irrelevant
370,707038576970637313,Marylou lozano ,Tue Aug 28 20:03:16 +0000 2018,New Mexico USA,the real john mccain maybe we can actually get a republican in that seat now,positive
371,700012184689049600,Eva Durn,Tue Aug 28 20:03:19 +0000 2018,None,rajavi senator john mccain has always been a close friend to the people and resistanc,neutral
372,208097122,patriciaridenour,Tue Aug 28 20:03:19 +0000 2018,None,what a fabulous piece of history,positive
373,715309583,Joseph Stotz,Tue Aug 28 20:03:22 +0000 2018,Springfield VA,he deserved better yes,positive
374,865278964104691713,keith schulz,Tue Aug 28 20:03:24 +0000 2018,None,is michael steele still in gop would think he would switch over to dems,irrelevant
375,94036964,Evangelic Potpourri,Tue Aug 28 20:03:24 +0000 2018,Sidney MT,unfortunately i didnt get the question before you tweeted this so i am not prepared to answer it just yet,negative
376,700012184689049600,Eva Durn,Tue Aug 28 20:03:25 +0000 2018,None,rajavi the soul is happy in gods favor this great man the iranian peoples resistance,positive
377,375927450,j scurry,Tue Aug 28 20:03:28 +0000 2018,TX,her mouth might have created a great campaign ad for her opponents ta,positive
378,2312902755,Dan Herrin ,Tue Aug 28 20:03:30 +0000 2018,Birmingham AL,what does it say when the chair of a large political party dnc cheats and gets the questions beforehand to a nati,positive
379,2208329164,Madmouth University,Tue Aug 28 20:03:34 +0000 2018,None,mccain lied to us about ocare he was spiteful and vengeful til his last breath with trump he,neutral
380,903032537345384449,KwankwasO,Tue Aug 28 20:03:35 +0000 2018,None,this is the guy all these madkhalis refer back to when discussing saudis foreign affairs hes praising an enemy of the mu,negative
381,971459656039190528,Colleen B,Tue Aug 28 20:03:36 +0000 2018,WI. USA,shut up ron johnson john mccain did not like you he didnt like the fact that you s,neutral
382,1007879270549426176,Chris Basis,Tue Aug 28 20:03:38 +0000 2018,Washington USA,is courage beating up on dolores alfond of national alliance of family members powmia a,irrelevant
383,936685568242737153,kathy furz,Tue Aug 28 20:03:38 +0000 2018,None,john thx4rt amp jon 4 update saw that on cspan mitch is just like djtpos amp lindsey too sells o,irrelevant
384,199056069, (Mossadjongen),Tue Aug 28 20:03:39 +0000 2018,The East.,stupid is as stupid does and yes these people are objectively stupid probably mentally ill,negative
385,536399368,AndyMike,Tue Aug 28 20:03:41 +0000 2018,Oregon,i love you forever my beloved father,positive
386,3267687013,@LetFREEDOMring,Tue Aug 28 20:03:42 +0000 2018,United States,rip shipmate so says nfl players who kneel dont respect our military or flag but it took backlash for,negative
387,633343531,KarHen,Tue Aug 28 20:03:43 +0000 2018,Tucson AZ,aahhhgotchayeah we do need a sarcasm font although,irrelevant
388,1927936586,Shannon Campbell,Tue Aug 28 20:03:44 +0000 2018,Montgomery TX,has a point the odds are not good glioblastoma is the worst of the worst it needs more,negative
389,22012737,mo,Tue Aug 28 20:03:46 +0000 2018,Seattle WA,traitor you forsake him for trump politics,irrelevant
390,862785638000599040,Chicago Mike 2.0 ,Tue Aug 28 20:03:46 +0000 2018,San Diego CA,is a piece of crap democrats have shown more class amp respect for than his own frie,positive
391,1913305777,kool,Tue Aug 28 20:03:47 +0000 2018,La Habra CA,funding for election security,irrelevant
392,3746491,Michelle L. Quinn,Tue Aug 28 20:03:47 +0000 2018,#nwindiana,uscis and the info the russians have on him,irrelevant
393,2295416540,Julie,Tue Aug 28 20:03:48 +0000 2018,Somewhere over the rainbow,which is what makes his tearful speech on the senate floor so damn disingenuous,irrelevant
394,202359470,Richard Johnston,Tue Aug 28 20:03:48 +0000 2018,Edinburgh,classless,irrelevant
395,1021426780647780353,DENNIS HESS,Tue Aug 28 20:03:49 +0000 2018,AZ,hero my a turncoat,irrelevant
396,825166422707933185,Dragonfly63,Tue Aug 28 20:03:50 +0000 2018,Florida,the way senator mccain has been treated in the twilight of his life particularly by members of his own party has been heartbr,positive
397,2254482530,Alexandra de LaPorta,Tue Aug 28 20:03:52 +0000 2018,Southern California ,what does it say about the chair of the democratic national committee leaking questions to crooked hillary before a tow,neutral
398,1032983455297101824,Sharon Lovell,Tue Aug 28 20:03:52 +0000 2018,Sweet Home Alabama,you blocked the amendment to end the unfair offset on milita,negative
399,274522759,William R. Staplin,Tue Aug 28 20:03:52 +0000 2018,Des Moines Iowa,president trump has signed into law the john s mccain national defense authorization act senate armed services chairman,neutral
400,65609788,JK Schrader,Tue Aug 28 20:03:52 +0000 2018,Germany,great piece johnmccainrip,positive
401,2857659911,Gloria Bain,Tue Aug 28 20:03:55 +0000 2018,None,moving noble very much hope that lives in his political future by the standards in this powerful tribute,positive
402,700012184689049600,Eva Durn,Tue Aug 28 20:03:55 +0000 2018,None,rajavi people of iranampits resistance lost great support he was against mullahs ruling,positive
403,220631436,Frank Reid,Tue Aug 28 20:03:55 +0000 2018,Glasgow,mccain was no innocent inside or outside of politics mind most defin,positive
404,111633969,Dave Davis,Tue Aug 28 20:03:56 +0000 2018,None,gurl if all of the coverage of the death of is making you sad turn off joe and and put on,negative
405,873185940579078144,Paul Truett Dove,Tue Aug 28 20:03:58 +0000 2018,Palm desert ca,will pay tribute to the life and legacy of my friend and colleague today in the senate at 215 pm wat,irrelevant
406,964572604110659584,w Tombs,Tue Aug 28 20:03:59 +0000 2018,None,notice who has not been raided by mueller or the fbi clintonfoundation fusiongps christophersteele perkinscoielawfir,irrelevant
407,886539681478955008,flapjack,Tue Aug 28 20:04:00 +0000 2018,The Recent Past,more recently johnmccain voted to block a deal to end american involvement in the increasingly genocidal saudiled campai,positive
408,700012184689049600,Eva Durn,Tue Aug 28 20:04:01 +0000 2018,None,rajavi people of iran will always remember for his advocacy of freedom,irrelevant
409,789379092,Julie Loiseau,Tue Aug 28 20:04:01 +0000 2018,Austin TX,raging narcissism,irrelevant
410,1032983455297101824,Sharon Lovell,Tue Aug 28 20:04:02 +0000 2018,Sweet Home Alabama,your military and veterans widows and widowers constituents and the rest of us across the country are sadden,negative
411,248809487,BROTHERKYLE,Tue Aug 28 20:04:05 +0000 2018,earth,how crazy has the world become that were now defending conservative republicans whe,negative
412,897707051601842177,Margaret Stockbridge #TRUMPHATER #RESISTANCE,Tue Aug 28 20:04:05 +0000 2018,Woodland CA,im sure that the first thing that god said to was that he likes people that arent assholes ripjohnmc,positive
413,41802862,Nadine Johnson,Tue Aug 28 20:04:07 +0000 2018,Miami FL,you are a disgrace how dare you speak about senator mccain when you have sold your,neutral
414,444984534,Paul O'Connell,Tue Aug 28 20:04:12 +0000 2018,None,do you think spent any time googling himself no me neither youre an embarrassm,negative
415,1033996143523508224,John McCain's Ghost,Tue Aug 28 20:04:13 +0000 2018,Aetherial Gardens BZ ,i was a fucking saint a hero and a warrior for peace honor me,negative
416,749782895502307329,Bill Meyer,Tue Aug 28 20:04:13 +0000 2018,None,and yet your new bestie continues to disrespect your last bestie j,positive
417,37429421,Jim Otto,Tue Aug 28 20:04:15 +0000 2018,Michigan,america remembers the man they disrespected a veteran,irrelevant
418,821668175494451203,Vivian Farmery,Tue Aug 28 20:04:16 +0000 2018,None,too bad cant manage to follow the advice johnmccain gave him,negative
419,2272282903,Bostonpiper,Tue Aug 28 20:04:16 +0000 2018,None,times like these i picture him pouting slamming cabinets with his little hands and his diaper,negative
420,607549567,Dunny Master,Tue Aug 28 20:04:17 +0000 2018,United States,hmmmmm actually were off this why dont you explain why youre not fighting these,neutral
421,491932706,NC10s1,Tue Aug 28 20:04:18 +0000 2018,Portland Oregon,youre,irrelevant
422,59793146,Mehdi Syed,Tue Aug 28 20:04:19 +0000 2018,Lahore Pakistan,horros of johnmccain,neutral
423,320624450,Ricardo Pita,Tue Aug 28 20:04:19 +0000 2018,Miami FL,this pic is how we all feel after that speech s speech on the senate floor to honor i,irrelevant
424,700012184689049600,Eva Durn,Tue Aug 28 20:04:21 +0000 2018,None,rajavi her soul is happy senator john mccain is a great friend of the people and resist,positive
425,15096786,Timmy Monkey Your Weird Uncle.,Tue Aug 28 20:04:22 +0000 2018,Dallas Texas,i dont know why y,irrelevant
426,1281990205,jimmybagadonuts,Tue Aug 28 20:04:23 +0000 2018,None,my salute to johnmccain rino qanon wwg1wga,neutral
427,840334175886536704,kennedy,Tue Aug 28 20:04:25 +0000 2018,None,please remember but never forget what he taught you be strong be firm be honest,positive
428,818564412852367360,NewsandGuts,Tue Aug 28 20:04:25 +0000 2018,None,the leading democratic senator wants to honor john mccain by naming the russell senate office building after him b,positive
429,2170323492,Proud 22 year Army Vet ,Tue Aug 28 20:04:27 +0000 2018,Centerville OH,so honor memory and stand up against hold all his policies,irrelevant
430,1031329250974920705,alexander powers,Tue Aug 28 20:04:27 +0000 2018,None,dear you being a 5time draftdodger amp refusing to fly the whitehouseflag at half staff to honor a senato,positive
431,812331150551040000,The Alaskan Patriot,Tue Aug 28 20:04:27 +0000 2018,Alaska,what does this say about the leadership of our country when a senator disinvites the president to his funeral a pr,irrelevant
432,815712410505883648,JT,Tue Aug 28 20:04:30 +0000 2018,Chicago IL,i hope dresses down amp other so called friends who never stood up to trump whe,negative
433,964000774400413696,Sweet Pea,Tue Aug 28 20:04:31 +0000 2018,None,the s will ram him through because many of them seem to have dirt clouds hanging o,positive
434,128414115,(((Stargazer))),Tue Aug 28 20:04:31 +0000 2018,A Nightmare Republic,prpro this is why i found tearful speech on the senate floor today while no doubt sincerely felt a hollow,positive
435,16792862,toddtodeter,Tue Aug 28 20:04:33 +0000 2018,None,which is the real lindsey this one or the one with his thumb up his ass,positive
436,700012184689049600,Eva Durn,Tue Aug 28 20:04:34 +0000 2018,None,rajavi her soul is happy senator john mccain is a great friend of the people and,positive
437,968552290289205248,KV,Tue Aug 28 20:04:35 +0000 2018,Michigan ,go home kelly the people have spoken,irrelevant
438,700012184689049600,Eva Durn,Tue Aug 28 20:04:38 +0000 2018,None,rajavi may he rest in peace johnmccain johnmccainrip,neutral
439,137536109,Camille LaGuire,Tue Aug 28 20:04:39 +0000 2018,Michigan,you know theres an easy way trump could have avoided being victimized over this whole thing,positive
440,770589578017189888,Doris Ortega,Tue Aug 28 20:04:41 +0000 2018,None,senator mccain family dont want him there just like with first lady bush,positive
441,39704829,BlueCollarBlueShirts,Tue Aug 28 20:04:41 +0000 2018,New York,bcbs for 827 play the man by brad park amp book review park vs orr lookin,irrelevant
442,3436323129,John,Tue Aug 28 20:04:42 +0000 2018,Chicago,insc its probably thats its an open secret,negative
443,3054355601,Ditch Lily,Tue Aug 28 20:04:42 +0000 2018,None,im not moved vichy lindsey has sold his soul to trumpism hes full of bea,positive
444,839375750276902913,MAGA**   Stephen Copeland,Tue Aug 28 20:04:42 +0000 2018,California USA,during a dinner with evangelical leaders monday offered prayers for shooting victims at a gaming event in florida sund,irrelevant
445,20817529,Joe Hickman,Tue Aug 28 20:04:42 +0000 2018,Philly Pennsylvania USA,so i listened to heartfelt talk about his dear friend today and yes u showed true e,positive
446,977634210193313792,Sungmanitu1958,Tue Aug 28 20:04:43 +0000 2018,Toronto Ontario,from someone who knew him well rest in peace its an honor to have lived in america while you served it,irrelevant
447,951156286221144064,Spotted dog,Tue Aug 28 20:04:45 +0000 2018,Conover NC,what does it say about the leader of our country when it would be too awkward for him to attend the funeral of an america,negative
448,971459656039190528,Colleen B,Tue Aug 28 20:04:45 +0000 2018,WI. USA,liars,irrelevant
449,834531678,Patty Trent,Tue Aug 28 20:04:50 +0000 2018,Boise ID,mattingly then why is it that you cant learn from your dear friend you had every opportuni,irrelevant
450,820662922145894402,Don Nelson,Tue Aug 28 20:04:52 +0000 2018,Lawton OK,you are such a two faced old fart blaming mccain for trumps petulant vindictive behavior,positive
451,1002783757437267974,GreenOrchids,Tue Aug 28 20:04:52 +0000 2018,Seattle WA,didnt stand up for his friend when he was alive his word,positive
452,32601051,marcella,Tue Aug 28 20:04:53 +0000 2018,None,thank you governor,irrelevant
453,826579507960221697,Nancy NY,Tue Aug 28 20:04:54 +0000 2018,New York USA,thats easy he betrayed his country,positive
454,745678490318561280,Mandatory Resistance ,Tue Aug 28 20:04:54 +0000 2018,None,the leading democratic senator wants to honor john mccain by naming the russell senate office building after him but sena,positive
455,212682877,KarenVCU,Tue Aug 28 20:04:56 +0000 2018,None,this is happening because the guy in the oval office has a personality disorder and that should alarm you no matter how yo,irrelevant
456,28698668,@howdylin,Tue Aug 28 20:04:58 +0000 2018,Boston MA ,the white house flag was at halfstaff in honor of john mccain trump ordered it to be returned to fullstaff retweet,neutral
457,700012184689049600,Eva Durn,Tue Aug 28 20:05:00 +0000 2018,None,rajavi surely the iranian people will not forget their valuable contributions to the,positive
458,219688891,Reid Dalton,Tue Aug 28 20:05:01 +0000 2018,Burlington NC,seven states left before forr sumter when lincoln issued his c,irrelevant
459,1008252371217108992,MagnaCarta4Life,Tue Aug 28 20:05:02 +0000 2018,Briton,what does this say about the leadership of our country when a senator disinvites the president to his funeral a presi,irrelevant
460,878763820742828032,FrdricBastiatTLaw,Tue Aug 28 20:05:02 +0000 2018,None,im sure some terrorists in syria he encouraged arming could,positive
461,1899063211,Josh Dwyer,Tue Aug 28 20:05:02 +0000 2018,St Louis MO USA,cat what does it say about a journalist that only reports what the she wa,neutral
462,1902226861,Monica Jo,Tue Aug 28 20:05:03 +0000 2018,Arizona,yes thanks for doing that so we can see all the gastapo rats in the,positive
463,254810227,Jaded,Tue Aug 28 20:05:03 +0000 2018,South USA,screw lindsey graham he has turned his back on american values by refusing,irrelevant
464,902296728,Kim O.,Tue Aug 28 20:05:05 +0000 2018,Palm Coast FL,johnmccain died angry and bitter because thats how he lived his life the real tragedy is that,negative
465,4854810616,#TheResistance ,Tue Aug 28 20:05:06 +0000 2018,None,youre a coward amp a disgrace to the memory of johnmccain clearly your loyalties lie with our ene,positive
466,700012184689049600,Eva Durn,Tue Aug 28 20:05:06 +0000 2018,None,rajavi rip dear senatorripmccain,neutral
467,1081485403,karlakakes56,Tue Aug 28 20:05:06 +0000 2018,CA. (it's cold and it's damp),a good man a true example a great american rip johnmccain,positive
468,825543551186382848,Quincunx Solo ,Tue Aug 28 20:05:07 +0000 2018,None,bullshit you tossed him overboard long ago in favor of the russians goprussia,negative
469,32856330,Maureen Barbieri,Tue Aug 28 20:05:08 +0000 2018,Kittery Point Maine,i joined to talk about one of my personal heroes and how he always put his country first,positive
470,313221429,John Wight,Tue Aug 28 20:05:09 +0000 2018,Scotland,if john mccain is a hero the word is bankrupt of all meaning in truth he was an incorrigible warmonger and imperia,neutral
471,2340293795,Tammy DeGroot,Tue Aug 28 20:05:10 +0000 2018,None,yes he did try to catch up,irrelevant
472,14515531,JohnnyD,Tue Aug 28 20:05:14 +0000 2018,None,now that hes gone youre nothing but a miserable pack of bastards youre all going down with trump,negative
473,829341798,Lauren Meier,Tue Aug 28 20:05:14 +0000 2018,Washington DC,on to those who are striving as a young person remember john mccain he failed a,negative
474,971154171226460165,Black Trump,Tue Aug 28 20:05:16 +0000 2018,New York NY,they praise this dude but bash trump spare me,irrelevant
475,21910052,Maureen Osayi ,Tue Aug 28 20:05:17 +0000 2018,England United Kingdom,sending you all love and prayers of strength at this very sad time was a very brave ma,positive
476,350637209,Schadenfroyd,Tue Aug 28 20:05:17 +0000 2018,Inside your mind,because the guy who is supposed to do it is being a dick,irrelevant
477,427679559,iokea 17,Tue Aug 28 20:05:18 +0000 2018,Ola'a Hawai'i,thewife to be fair i ate french toast for breakfast this morning to hurt kelli wards campaign,positive
478,717384303093657600,Diligent Creative,Tue Aug 28 20:05:18 +0000 2018,New York USA,stop being a hypocrite,irrelevant
479,5746192,(((Ari Halbkram))),Tue Aug 28 20:05:19 +0000 2018,Planet Earth,counter offer instead of rejecting the story outright use it as a compassionate lessoutraged teachable moment t,irrelevant
480,700012184689049600,Eva Durn,Tue Aug 28 20:05:20 +0000 2018,None,rajavi his soul is happy senator john mccain was a great friend of the people and resi,positive
481,1021426780647780353,DENNIS HESS,Tue Aug 28 20:05:24 +0000 2018,AZ,he made a bad decision out of spitegt thats just wrong,negative
482,751411076,patricia h cohen,Tue Aug 28 20:05:25 +0000 2018, connecticut.,this is what a vast majority of republicans in az must believe if they vote,neutral
483,833774753836048385,Rainaleigh Adamowicz,Tue Aug 28 20:05:26 +0000 2018,Cleveland OH,rogers trump tried to damage john mccains heroic image by saying he liked people who dont get captured trump avoided vietnam,positive
484,951156286221144064,Spotted dog,Tue Aug 28 20:05:26 +0000 2018,Conover NC,it says hes respecting mccains wishes that he doesnt want president trump at his funeral dont try it donna try expl,neutral
485,23072931,Rebecca Thomas,Tue Aug 28 20:05:27 +0000 2018,Austin TX,whats the legacy that leaves behind dr brian smith discusses the topic w,negative
486,2178187816,johnnie,Tue Aug 28 20:05:27 +0000 2018,None,are you sure its not too soon,positive
487,700012184689049600,Eva Durn,Tue Aug 28 20:05:28 +0000 2018,None,voice rajavi senator john mccain was a brave man standing against the dictatorship of the,positive
488,976929776748367872,NOT Barry Bass,Tue Aug 28 20:05:32 +0000 2018,Lincolnwood IL,could someone tell if president trump ordered the flags at halfstaff or regular for johnmccain i always follow his lead,neutral
489,1431784561,Antumbral,Tue Aug 28 20:05:33 +0000 2018,None,a thoughtful suggestion and one that will drive,positive
490,313273802,coopyduke,Tue Aug 28 20:05:33 +0000 2018,USA,beneath the dignity it requires hes intentionally excluded because the deceased knew in advance that he didnt,irrelevant
491,996467139379892224,The Orange Menace Needs To Go,Tue Aug 28 20:05:35 +0000 2018,None,tfw the is subtweeting cheeto von tweeto,irrelevant
492,1029855486827364352,2drinkminimum,Tue Aug 28 20:05:36 +0000 2018,None,petty very petty the selfinflicted wounds this wh puts itself through are amazing,positive
493,750632568823963648,Dan El Rojo,Tue Aug 28 20:05:37 +0000 2018,Post-Industrial Britain,if john mccain is a hero the word is bankrupt of all meaning in truth he was an incorrigible warmonger and imperialist who,neutral
494,2429477720,Sean Campbell Videos,Tue Aug 28 20:05:43 +0000 2018,United States,you had a sign out in honor of yet youve called him crazy and on the wrong side of h,negative
495,700012184689049600,Eva Durn,Tue Aug 28 20:05:44 +0000 2018,None,noroz rajavi he is a memorable friend for the mujahideen freeiran2018,positive
496,39639586,gary,Tue Aug 28 20:05:45 +0000 2018,None,and you have done so much for mental health advocacy you turnip,positive
497,963251408131641346,Joanne C,Tue Aug 28 20:05:51 +0000 2018,None,country first johnmccain countryfirst,positive
498,29096702,ESTHER WORKMAN,Tue Aug 28 20:05:52 +0000 2018,None,sure didnt like him when he ran for president guess you should learn from that mistak,positive
499,16051220,cattiekit,Tue Aug 28 20:05:54 +0000 2018,None,lets prove a point with a hypothetical question if you could choose the president of the united states but your only t,neutral
500,715309583,Joseph Stotz,Tue Aug 28 20:05:59 +0000 2018,Springfield VA,with the brain cancer removed when did it recur which led to the decision of stopping treatment,irrelevant
501,890416271090741249,Crimson Stylus,Tue Aug 28 20:05:59 +0000 2018,Blissfull Logic,hedges,irrelevant
502,278661209,Betsy Bugg,Tue Aug 28 20:06:00 +0000 2018,None,honor him by being like him,irrelevant
